{"main":{"language":"en","lastHostname":"lab1","darkTheme":false,"useBinaryPrefix":true,"disableAutoComplete":false,"settingsStorageLocal":false,"settingsSaveDelay":2000,"cacheStorageLocal":true,"cacheSaveDelay":4000,"notifications":{"errorsPersistent":true,"timeout":5000},"webcam":{"url":"","updateInterval":5000,"useFix":false,"embedded":false,"rotation":0,"flip":"none"}},"machine":{"ajaxRetries":2,"updateInterval":250,"extendedUpdateEvery":20,"fileTransferRetryThreshold":358400,"crcUploads":true,"pingInterval":2000,"babystepAmount":0.05,"codes":["M0","M1","M84","M562 P0","M562 P2","M562 P8","M303 H0 P1 S100","M303 H1 P1 S245","T1","T0","T0T1","T0T1T2","T2","M106","M98 P\"config.g\"","M563 P1 S\"Hotend\" D0 H1 F1","M563 P1 S\"Hod\" D0 H1 F1","G31","G31 X0 Y0","G31 P500 X0 Y0","G28","G30","G1 F1700","M558 A2 F1700","M558 F1700","M558 A1 F1000","G30 X0 Y0","M558 A2 F10000","M558 F3000","M558 F2000","M30 \"/sys/config-override.g\""],"displayedExtraTemperatures":[],"displayedExtruders":[0,1],"displayedFans":[-1],"moveSteps":{"X":[100,50,10,1,0.1],"Y":[100,50,10,1,0.1],"Z":[50,25,5,0.5,0.05],"default":[100,50,10,1,0.1]},"moveFeedrate":6000,"extruderAmounts":[100,50,20,10,5,1],"extruderFeedrates":[60,30,15,5,1],"temperatures":{"tool":{"active":[250,235,220,205,195,160,120,100,0],"standby":[210,180,160,140,0]},"bed":{"active":[110,100,90,70,65,60,0],"standby":[40,30,0]},"chamber":[90,80,70,60,50,40,0]},"spindleRPM":[10000,75000,5000,2500,1000,0]}}